{"FC1": [[[0.029583042487502098, 0.25020384788513184, 0.18394435942173004, 0.015534154139459133, -0.4479965269565582], [1.109256386756897, 0.00037098058965057135, 0.8529935479164124, -1.356482744216919, 0.14983871579170227], [-0.4677405059337616, 0.018818655982613564, -0.33808204531669617, -0.12519367039203644, -0.4740802049636841], [0.546954870223999, -0.6797980070114136, -0.015995914116501808, 0.7159224152565002, 0.850302517414093]], [0.06696268916130066, 0.7126504182815552, -0.06923932582139969, -0.03170641139149666, -0.10942008346319199]], "FC2": [[[0.3070608973503113, 1.1361985206604004, 0.134550079703331, -0.19428284466266632, -0.28891026973724365], [-0.1509804129600525, 0.3708822429180145, -0.20835715532302856, -0.24302883446216583, 0.012812669388949871], [0.21479758620262146, -0.6443456411361694, -0.42238849401474, 0.37397500872612, 0.2297922968864441], [0.26457154750823975, 0.01686553843319416, -0.72283536195755, 0.6102421879768372, 0.44951990246772766], [-0.7788189649581909, 0.24762193858623505, -0.7022770643234253, -0.3916577994823456, -0.11387007683515549]], [0.5260449051856995, 0.021060222759842873, -0.07711884379386902, 0.17648275196552277, -0.133876234292984]], "FC3": [[[-0.6541998982429504], [0.6213828325271606], [-0.0026632342487573624], [-0.9930249452590942], [-0.457763135433197]], [0.013085650280117989]]}