{"FC1": [[[-0.31909990310668945, -0.46644651889801025, 0.23319169878959656, 0.4498455226421356, 0.4230147898197174, -0.10576406121253967, -0.36537253856658936, -0.28247517347335815, -0.3981468081474304, 0.39630499482154846, -0.5248537063598633, 0.3570423424243927, -0.2799026668071747, -0.4039696455001831, -0.05455556511878967, 0.12185259908437729, -0.5080453753471375, 0.5392500162124634, 0.40913137793540955, 0.21688434481620789]], [0.0, 0.0, 0.08013918250799179, -0.11370517313480377, 0.12924806773662567, 0.0, 0.0, 0.0, 0.0, -0.1282021701335907, 0.0, -0.15990211069583893, 0.0, 0.0, 0.0, -0.17522522807121277, 0.0, -0.16419550776481628, 0.037625424563884735, -0.06907470524311066]], "FC2": [[[0.12588858604431152, -0.04635646939277649, -0.24528419971466064, 0.3673335313796997, 0.32163554430007935, -0.13785214722156525, 0.11737769842147827, -0.11668166518211365, 0.3352261781692505, -0.07019001245498657, 0.1688029170036316, -0.226490780711174, -0.14329369366168976, 0.25310707092285156, 0.15133655071258545, 0.11211845278739929, -0.029619812965393066, -0.22361810505390167, -0.13735204935073853, -0.19381612539291382], [-0.007711976766586304, 0.29816579818725586, 0.14260613918304443, 0.2978084683418274, -0.1620374321937561, 0.19901353120803833, 0.38597816228866577, -0.02496349811553955, 0.2002285122871399, 0.1851620078086853, 0.009847134351730347, -0.34373292326927185, -0.28857749700546265, -0.06921353936195374, 0.16191768646240234, 0.11587405204772949, 0.29874473810195923, -0.054454684257507324, -0.28307121992111206, -0.3311149775981903], [-0.10771328955888748, 0.11836163699626923, 0.04483100771903992, 0.351004958152771, 0.030818285420536995, 0.30996453762054443, -0.08925120532512665, -0.08548452705144882, 0.1689024269580841, 0.05806267261505127, -0.12753404676914215, -0.1284426897764206, -0.0968211442232132, 0.2863656282424927, 0.15763866901397705, -0.36771875619888306, -0.2947254180908203, -0.2546701729297638, -0.032518982887268066, -0.21964484453201294], [-0.3026158809661865, -0.16604427993297577, -0.34885701537132263, -0.3086666464805603, -0.3820798099040985, -0.30813056230545044, -0.11204762756824493, 0.05770997703075409, 0.06280133128166199, -0.19317667186260223, 0.2595564126968384, -0.2576259970664978, 0.2308109849691391, -0.2972552478313446, -0.12566626071929932, -0.3643052577972412, 0.0713149905204773, -0.138936847448349, 0.10508978366851807, -0.03183308243751526], [0.36684590578079224, -0.34638339281082153, -0.058710306882858276, -0.4066430628299713, 0.18817655742168427, -0.04858255386352539, 0.34920763969421387, 0.1062733605504036, 0.10899829864501953, 0.2316022366285324, 0.06017477810382843, 0.11428898572921753, -0.18188628554344177, -0.02115263044834137, -0.22030313313007355, 0.14283502101898193, -0.37196627259254456, -0.2652849555015564, 0.056332141160964966, 0.15194714069366455], [-0.06563758850097656, -0.38534536957740784, -0.05787059664726257, 0.17253786325454712, 0.03981828689575195, -0.1901901513338089, 0.3449631929397583, 0.20349973440170288, -0.33506155014038086, 0.3686676621437073, -0.15887703001499176, -0.23405751585960388, -0.18958847224712372, -0.3619970679283142, -0.16598612070083618, -0.13173985481262207, -0.19356182217597961, -0.08449804782867432, 0.03303229808807373, 0.21495318412780762], [0.3766922950744629, 0.006461232900619507, 0.0338706374168396, -0.07636111974716187, 0.2290278673171997, 0.07705014944076538, -0.17911112308502197, -0.09535971283912659, 0.27444666624069214, 0.09427565336227417, 0.3473193049430847, -0.33214473724365234, 0.12585008144378662, -0.17414447665214539, -0.2957133650779724, -0.3779861330986023, -0.32395777106285095, 0.2534271478652954, 0.3370140790939331, -0.3189253807067871], [0.15426969528198242, -0.2990591824054718, -0.36474210023880005, -0.3410458564758301, 0.24558496475219727, 0.020272672176361084, 0.042719483375549316, -0.07625705003738403, -0.01875343918800354, -0.26616907119750977, 0.06568053364753723, 0.20659410953521729, -0.08060908317565918, -0.21600982546806335, -0.04514053463935852, -0.3621061146259308, -0.26527294516563416, 0.33040690422058105, 0.055494338274002075, -0.22280201315879822], [-0.0022651851177215576, -0.30614981055259705, 0.3392563462257385, 0.34640634059906006, -0.23159463703632355, 0.09116309881210327, -0.05043339729309082, -0.2940889298915863, 0.3105727434158325, 0.22568398714065552, 0.1073099672794342, 0.0752619206905365, 0.12074697017669678, 0.2333804965019226, 0.03363904356956482, 0.23693883419036865, -0.2455795854330063, 0.31928467750549316, -0.3116109371185303, -0.12415224313735962], [0.336296409368515, -0.1251322478055954, 0.10315433144569397, 0.029473721981048584, 0.201804980635643, -0.08778247237205505, -0.06376045197248459, -0.24557818472385406, 0.05022609606385231, -0.3225867748260498, 0.177373006939888, -0.12999805808067322, 0.10426175594329834, -0.07394600659608841, -0.02413579821586609, -0.15543675422668457, -0.3152284026145935, 0.11911051720380783, -0.1907297819852829, -0.14324401319026947], [0.010846257209777832, -0.07823264598846436, 0.07067784667015076, 0.21327805519104004, -0.2506498396396637, 0.30691665410995483, 0.32353395223617554, 0.3764389157295227, 0.2560223937034607, 0.12472587823867798, 0.000306934118270874, 0.3727474808692932, -0.33215248584747314, -0.34139785170555115, -0.04238319396972656, 0.07844412326812744, -0.13918450474739075, -0.024674594402313232, 0.1255369782447815, -0.046109169721603394], [0.30868589878082275, 0.212810680270195, -0.1357157826423645, -0.1318897306919098, 0.27419617772102356, -0.12341982126235962, 0.00794304721057415, 0.18927669525146484, -0.005207526497542858, -0.19678272306919098, 0.1304236203432083, -0.2956703007221222, 0.3022933900356293, -0.06955162435770035, -0.3076046109199524, 0.21901124715805054, 0.18325597047805786, 0.37566834688186646, 0.20242589712142944, 0.29553157091140747], [0.0972224771976471, 0.2403525710105896, 0.2507319450378418, 0.3353808522224426, 0.18204224109649658, -0.21699997782707214, 0.14655190706253052, -0.24293573200702667, -0.2092694491147995, 0.016009747982025146, -0.05081090331077576, -0.03193160891532898, 0.31927043199539185, -0.3436249792575836, -0.08882737159729004, -0.0804433524608612, -0.3494850993156433, 0.36897629499435425, -0.36073967814445496, 0.009703457355499268], [0.19355952739715576, 0.02537858486175537, 0.013312816619873047, -0.22473236918449402, 0.3052024841308594, 0.03873950242996216, -0.3817517161369324, -0.23337753117084503, 0.0013907253742218018, -0.3578346073627472, -0.3365476727485657, -0.28168705105781555, -0.08310115337371826, 0.34926992654800415, -0.3334624171257019, -0.01875898241996765, 0.05719754099845886, -0.26136285066604614, 0.36707597970962524, 0.013572543859481812], [-0.16710536181926727, -0.10578009486198425, 0.20490902662277222, 0.13818281888961792, -0.2994857728481293, -0.2829798758029938, 0.0017455816268920898, 0.011268526315689087, -0.030625194311141968, -0.33002445101737976, 0.26789307594299316, 0.20773881673812866, -0.15549059212207794, 0.29298585653305054, -0.22464169561862946, 0.34979933500289917, -0.0009795427322387695, 0.11492085456848145, 0.19502365589141846, 0.38575518131256104], [0.11246087402105331, -0.4941771924495697, -0.20266008377075195, 0.3226838707923889, -0.44545912742614746, -0.06073200702667236, -0.29328301548957825, 0.09453089535236359, -0.38679376244544983, -0.5588939189910889, 0.6338080167770386, 0.058362483978271484, 0.37115219235420227, -0.12260649353265762, 0.12715238332748413, 0.15104979276657104, 0.3716515898704529, 0.19094900786876678, -0.33684563636779785, 0.3829856514930725], [-0.16000929474830627, 0.051634281873703, 0.2123517394065857, -0.3702840209007263, 0.3869190812110901, -0.21143285930156708, -0.31482967734336853, -0.21576401591300964, 0.17778146266937256, 0.22779083251953125, 0.06708177924156189, 0.05429345369338989, 0.056763529777526855, 0.2999827265739441, -0.024085819721221924, -0.03341391682624817, 0.094082772731781, 0.21448487043380737, -0.2142922282218933, 0.1928471326828003], [-0.024210914969444275, 