{"FC1": [[[-0.3521580100059509, -0.10296660661697388, 0.10634556412696838, 0.38735824823379517, 0.5514926314353943, 0.3712855875492096, 0.43821823596954346, -0.2818219065666199, 0.0011149689089506865, -0.48307645320892334, -0.0677337646484375, -0.5047069787979126, 0.33140286803245544, 0.4807175397872925, 0.3649160861968994, -0.19260656833648682, -0.017422933131456375, 0.28179487586021423, 0.2946864068508148, -0.3179808557033539]], [0.0, 0.0, 0.07688364386558533, -0.13098977506160736, -0.10474897176027298, -0.04903413727879524, 0.14522594213485718, 0.0, -0.01891305111348629, 0.0, 0.0, 0.0, -0.08563311398029327, -0.08021019399166107, -0.06615597754716873, 0.0, 0.14512670040130615, -0.1067521870136261, -0.015082142315804958, 0.0]], "FC2": [[[-0.14677561819553375, 0.09725385904312134, -0.3716031014919281, -0.2767457962036133, -0.2435159981250763, 0.07535916566848755, -0.1834447830915451, -0.03800114989280701, -0.024763137102127075, -0.29524290561676025, 0.3139391541481018, 0.26084113121032715, -0.08974882960319519, 0.24755972623825073, 0.38359183073043823, 0.31901079416275024, -0.2692849636077881, -0.2043870985507965, 0.017788290977478027, 0.09958386421203613], [-0.09405368566513062, -0.289058655500412, 0.17570000886917114, 0.2524629831314087, 0.23264294862747192, -0.12589526176452637, -0.027043819427490234, 0.28507858514785767, 0.24738138914108276, -0.054683953523635864, -0.2022070735692978, -0.00229489803314209, 0.11026972532272339, 0.20094138383865356, 0.36901378631591797, 0.3606445789337158, 0.09420040249824524, 0.08165344595909119, 0.11091074347496033, 0.16710752248764038], [0.010236598551273346, 0.06863167136907578, -0.2542726695537567, 0.18224868178367615, -0.1473846286535263, -0.0012617767788469791, 0.2604306936264038, 0.2887672483921051, 0.3145345449447632, 0.2217179238796234, -0.32940471172332764, 0.01525198481976986, -0.319498747587204, -0.014227970503270626, 0.15482398867607117, -0.336626797914505, -0.23121488094329834, -0.03547963500022888, 0.3545994162559509, 0.2121257781982422], [-0.24866750836372375, -0.08490963280200958, -0.3893337547779083, -0.261510968208313, -0.18571627140045166, -0.018896013498306274, -0.3044794797897339, 0.3736170530319214, 0.11392468214035034, -0.37918880581855774, -0.08009741455316544, 0.28609469532966614, 0.22950735688209534, 0.06465541571378708, 0.2538467049598694, -0.14746452867984772, -0.3328397274017334, -0.349641889333725, -0.34275975823402405, -0.09933833032846451], [0.015323994681239128, -0.3871121108531952, 0.17770124971866608, 0.20221096277236938, 0.011824716813862324, -0.21875394880771637, -0.23167479038238525, -0.159367173910141, -0.304396390914917, 0.29049018025398254, 0.3908870816230774, 0.2959349453449249, 0.06720441579818726, 0.09564465284347534, 0.320970356464386, 0.25383204221725464, -0.21850721538066864, -0.03368920087814331, -0.1019195020198822, 0.125607430934906], [-0.09564511477947235, 0.3361477255821228, 6.080156526877545e-05, 0.2620042562484741, 0.12235376983880997, -0.22885002195835114, 0.15027981996536255, 0.04817131906747818, -0.11760392785072327, 0.18022434413433075, 0.279221773147583, -0.25307610630989075, 0.3509676158428192, -0.3148208558559418, -0.2832421064376831, 0.20492790639400482, -0.01019878126680851, -0.012486368417739868, -0.1018475592136383, -0.018378298729658127], [0.36719056963920593, 0.3413302004337311, 0.10070115327835083, 0.28468361496925354, 0.09075678884983063, -0.18358615040779114, -0.35018014907836914, 0.16833116114139557, -0.23144321143627167, 0.23771822452545166, -0.31964796781539917, 0.13585570454597473, -0.3704259991645813, 0.175607368350029, -0.34955164790153503, -0.1577669382095337, 0.3066194951534271, -0.31201601028442383, -0.07913443446159363, 0.029738888144493103], [0.231062650680542, 0.07308068871498108, 0.04683274030685425, -0.2570417523384094, 0.14386165142059326, 0.23396027088165283, 0.19067245721817017, 0.24181103706359863, 0.03177627921104431, -0.049739956855773926, 0.171583354473114, -0.1880241483449936, -0.27843421697616577, 0.28699934482574463, 0.14742982387542725, -0.22491703927516937, 0.24303168058395386, -0.21834462881088257, -0.1305534839630127, 0.338647723197937], [-0.06501786410808563, -0.39987602829933167, 0.0729156956076622, -0.25570911169052124, -0.18281012773513794, -0.3245467245578766, 0.1531638503074646, 0.26365476846694946, 0.30477452278137207, -0.06048842519521713, 0.19885554909706116, -0.26317641139030457, 0.18329307436943054, 0.2512076497077942, -0.048667699098587036, -0.06661377102136612, 0.27302074432373047, -0.2996077537536621, 0.38346296548843384, 0.2967221736907959], [0.10151070356369019, 0.1473485827445984, -0.3596084415912628, 0.3760695457458496, -0.116702139377594, -0.19578257203102112, -0.37053483724594116, 0.3035651445388794, 0.24358618259429932, -0.008872121572494507, 0.29099494218826294, 0.24767667055130005, 0.0357837975025177, -0.3170078694820404, -0.10402178764343262, 0.16508454084396362, 0.11556756496429443, -0.22517836093902588, -0.3447818160057068, 0.23066800832748413], [-0.0903429388999939, -0.05620256066322327, -0.35950252413749695, -0.3746909201145172, -0.30474790930747986, 0.24483919143676758, 0.12180787324905396, 0.15041571855545044, 0.10832107067108154, 0.02849408984184265, 0.2387358546257019, -0.14492763578891754, -0.20900793373584747, 0.17301583290100098, 0.05299380421638489, 0.20037412643432617, -0.2035352736711502, 0.2742420434951782, 0.01625370979309082, -0.3160669207572937], [0.08537212014198303, 0.030036240816116333, -0.0018176138401031494, 0.1767863631248474, -0.2941657602787018, 0.13261938095092773, 0.26779472827911377, -0.2384648621082306, 0.06720662117004395, 0.31839460134506226, 0.17882955074310303, 0.058698028326034546, 0.2836214303970337, 0.355318546295166, 0.15477031469345093, -0.048573970794677734, -0.01340588927268982, -0.1695856899023056, -0.3048270344734192, -0.18907275795936584], [0.08354400843381882, -0.0778743177652359, 0.03895091637969017, 0.0006121988408267498, 0.2840849757194519, 0.11204084753990173, -0.2673312723636627, 0.23992396891117096, -0.3406674563884735, 0.05244246870279312, -0.112291119992733, 0.37793999910354614, -0.08885975927114487, -0.19516707956790924, 0.016869960352778435, 0.11665936559438705, 0.2870127558708191, -0.360079824924469, -0.11839425563812256, 0.34879982471466064], [0.3021109998226166, 0.3416806161403656, 0.3146129846572876, -0.08160192519426346, -0.18232093751430511, 0.32089313864707947, -0.2919806241989136, 0.29327496886253357, 0.29727721214294434, 0.35950228571891785, -0.10953274369239807, 0.0007603944977745414, 0.1987989842891693, -0.19694015383720398, 0.2311926931142807, 0.31112924218177795, -0.18330425024032593, 0.032923877239227295, -0.1430431753396988, -0.2566518187522888], [0.222154438495636, -0.12840545177459717, -0.4030921459197998, 0.1669168621301651, -0.31113865971565247, -0.281032919883728, 0.35489416122436523, 0.17767944931983948, -0.3390486538410187, -0.13185638189315796, 0.12327901273965836, -0.17347826063632965, 0.16739444434642792, 0.04427315294742584, 0.2613966166973114, 0.33672964572906494, -0.32669082283973694, 0.12063157558441162, -0.14292895793914795, -0.06068207323551178], [0.3274456262588501, -0.042348384857177734, -0.1743537187576294, -0.2566773593425751, -0.262907475233078, -0.038910239934921265, 0.05725663900375366, 0.38723814487457275, 0.1057039201259613, 0.345639169216156, 0.12996184825897217, 0.05679944157600403, 0.025355130434036255, -0.22651082277297974, -0.12243252992630005, 0.15407568216323853, 0.16708970069885254, 0.3074656128883362, 0.05243542790412903, 0.30558323860168457], [0.28514403104782104, -0.3306807577610016, 0.13116559386253357, 0.17455701529979706, 0.02012968808412552, 0.0615171417593956, 0.09982487559318542, -0.1330227553844452, 0.3480052947998047, -0.17858482897281647, 0.009140415117144585, -0.12039578706026077, 0.2364218682050705, 0.10710909217596054, -0.2117726057767868, -0.3147638738155365, 0.07875480502843857, 0.07647490501403809, 0.21756446361541748, 0.06668613851070404], [0.08241156488656998, 