{"FC1": [[[-0.14188212156295776, -0.3747216463088989, 0.35663706064224243, 0.3153519332408905, 0.03746022284030914, 0.21366667747497559, -0.282183974981308, -0.3778982162475586, -0.033270519226789474, 0.16873085498809814, -0.24376332759857178, -0.3847193121910095, -0.35521721839904785, -0.2919027805328369, 0.08679074048995972, -0.08218905329704285, 0.5060681104660034, 0.3471660912036896, -0.31799450516700745, -0.03729650378227234]], [0.0, 0.0, 0.0982753187417984, -0.09511777758598328, 0.0578845851123333, -0.05317365378141403, 0.0, 0.0, 0.0569797083735466, 0.01863343082368374, 0.0, 0.0, 0.0, 0.0, -0.12383806705474854, 0.0, -0.13475483655929565, -0.10485345125198364, 0.0, 0.0]], "FC2": [[[-0.00036409497261047363, 0.026048779487609863, -0.0476745069026947, -0.07690981030464172, 0.31198906898498535, -0.3666948080062866, -0.2474014312028885, 0.29955023527145386, -0.05537974834442139, 0.18601340055465698, -0.21876023709774017, 0.03420528769493103, 0.1272220015525818, 0.16436272859573364, 0.10006505250930786, 0.10013014078140259, -0.3172089755535126, -0.27457138895988464, -0.18007393181324005, -0.19817674160003662], [-0.0463121235370636, -0.3386472761631012, 0.25441932678222656, 0.04341915249824524, 0.24515527486801147, 0.2197619080543518, -0.17446063458919525, -0.32783961296081543, -0.2655498683452606, -0.22963492572307587, 0.3184322714805603, -0.0726003348827362, -0.35675930976867676, 0.30584603548049927, 0.012982696294784546, -0.011685341596603394, 0.3188785910606384, 0.16967719793319702, 0.042892903089523315, -0.1282297670841217], [-0.17372700572013855, 0.33862823247909546, 0.3232487440109253, -0.3164070248603821, 0.2149459272623062, -0.38529902696609497, 0.056691184639930725, -0.2243814468383789, -0.24186386168003082, -0.15233784914016724, 0.2652733325958252, -0.18349750339984894, -0.06030481308698654, -0.3652910590171814, -0.1914360672235489, -0.0505867525935173, -0.29479214549064636, 0.06437061727046967, -0.15043753385543823, 0.2246788889169693], [-0.14746050536632538, 0.03522612899541855, -0.06598261743783951, -0.25492459535598755, 0.06097516790032387, -0.3615230917930603, 0.10853235423564911, 0.31276845932006836, -0.34516641497612, 0.3518561124801636, 0.13180901110172272, 0.0525471568107605, -0.15677551925182343, -0.28752222657203674, -0.3037247657775879, -0.07470506429672241, -0.20308244228363037, 0.27065619826316833, -0.3822582960128784, 0.23972927033901215], [-0.07557180523872375, 0.1447756439447403, 0.3060186505317688, -0.34765899181365967, -0.23790255188941956, -0.24811632931232452, -0.30264705419540405, -0.2185894101858139, 0.03463539481163025, -0.05141109228134155, -0.31111833453178406, -0.10995733737945557, 0.3004615306854248, -0.3011029064655304, 0.33428680896759033, 0.2986029386520386, 0.34390774369239807, -0.3479801118373871, 0.3166002333164215, 0.25212395191192627], [-0.11891257762908936, 0.23728612065315247, -0.18792593479156494, 0.08791092038154602, 0.17030109465122223, -0.30373337864875793, 0.14648957550525665, -0.35866403579711914, 0.297008216381073, -0.17067381739616394, 0.3604517877101898, -0.15840406715869904, 0.008923201821744442, -0.19619043171405792, -0.09881553053855896, 0.131653293967247, 0.13738051056861877, 0.37582772970199585, 0.25505462288856506, -0.3054763674736023], [0.26206791400909424, 0.36380988359451294, -0.10209649801254272, -0.24460771679878235, 0.29642242193222046, -0.0432438850402832, 0.2919977903366089, 0.06355386972427368, -0.08657568693161011, -0.27844715118408203, 0.11346888542175293, 0.13475215435028076, -0.2075696587562561, -0.26840656995773315, -0.3647887408733368, -0.09953862428665161, 0.34124743938446045, 0.10025933384895325, -0.20359835028648376, -0.30216988921165466], [-0.1801135540008545, 0.040873169898986816, -0.1806943565607071, 0.13131988048553467, -0.19886218011379242, 0.1416388750076294, -0.10295137763023376, 0.3794492483139038, -0.24882198870182037, 0.27484506368637085, -0.03180980682373047, 0.3752645254135132, 0.21087926626205444, 0.01771479845046997, -0.05875769257545471, 0.3450334668159485, 0.03513818979263306, -0.35887378454208374, 0.19925427436828613, -0.1583426594734192], [0.1308477520942688, -0.22328944504261017, 0.29724791646003723, 0.21951621770858765, 0.17523573338985443, -0.18026748299598694, -0.28958389163017273, -0.055774446576833725, 0.2549934387207031, -0.32995280623435974, -0.12272009253501892, 0.37426072359085083, -0.24122817814350128, -0.05929049849510193, 0.13118574023246765, 0.3138819634914398, -0.1516697108745575, -0.33692294359207153, 0.2649526000022888, -0.1405995637178421], [0.21261543035507202, 0.1005454733967781, 0.22680029273033142, 0.208790123462677, 0.174692302942276, -0.10348942875862122, 0.0874607190489769, 0.3133125603199005, -0.2836017906665802, 0.22974663972854614, -0.3219320476055145, 0.14733225107192993, -0.2157829999923706, 0.362423300743103, 0.28921619057655334, -0.32434162497520447, -0.022624416276812553, -0.31837016344070435, -0.17418453097343445, -0.10064449161291122], [-0.2307160347700119, -0.004167437553405762, 0.13726061582565308, 0.11218982934951782, 0.13596171140670776, -0.08112969994544983, -0.11880543828010559, 0.26387298107147217, -0.37421250343322754, 0.17217397689819336, -0.026517391204833984, -0.13804985582828522, 0.16388940811157227, -0.3133556842803955, -0.09371322393417358, -0.18568040430545807, -0.3577350378036499, 0.2962939739227295, 0.3332372307777405, -0.2958437502384186], [-0.049846768379211426, -0.2528374195098877, -0.03615638613700867, -0.34162962436676025, 0.09200024604797363, -0.22636990249156952, 0.36531001329421997, 0.08966672420501709, -0.34044989943504333, -0.028655409812927246, 0.2511180639266968, -0.2920039892196655, 0.1643926501274109, 0.00011098384857177734, 0.18631863594055176, -0.16530254483222961, 0.2973763942718506, -0.09291070699691772, -0.11838668584823608, -0.13492417335510254], [-0.09131351113319397, 0.36043816804885864, 0.11741870641708374, -0.2765428423881531, -0.24281273782253265, 0.11364191770553589, 0.19108998775482178, -0.04771798849105835, 0.23630189895629883, -0.11471334099769592, 0.33878594636917114, 0.13938260078430176, 0.17000871896743774, 0.16839295625686646, -0.012968838214874268, -0.15779389441013336, 0.2716560363769531, 0.24846452474594116, -0.2883586287498474, -0.2543010115623474], [0.287605881690979, -0.3110610246658325, 0.039897620677948, 0.10924825072288513, 0.10272625088691711, -0.034715354442596436, 0.20197254419326782, 0.00028505921363830566, -0.03376159071922302, 0.05334386229515076, 0.09105348587036133, -0.04464283585548401, -0.2107689380645752, 0.03424173593521118, 0.11648643016815186, 0.04449841380119324, -0.34099867939949036, -0.19191135466098785, -0.2534255385398865, 0.007441788911819458], [-0.053876280784606934, 0.1728573590517044, -0.3647199273109436, -0.07034292817115784, 0.2685757279396057, 0.37129902839660645, -0.26786696910858154, -0.10042273998260498, 0.1628199815750122, -0.023898184299468994, 0.544211208820343, 0.3166402578353882, -0.2270018756389618, -0.06689515709877014, 0.24114276468753815, -0.24307233095169067, 0.3022993505001068, 0.4227003753185272, -0.061271727085113525, 0.36473408341407776], [-0.3142338991165161, -0.10137477517127991, 0.08085960149765015, 0.12036579847335815, 0.2665117383003235, 0.28003787994384766, -0.06490173935890198, -0.24934619665145874, -0.22579112648963928, -0.20186135172843933, -0.25314632058143616, -0.09067979454994202, 0.27408409118652344, -0.3519198000431061, -0.13225361704826355, 0.3690646290779114, 0.18953031301498413, -0.21034620702266693, -0.025953859090805054, -0.34243547916412354], [-0.04872441291809082, -0.36732009053230286, 0.3038744330406189, -0.18423040211200714, -0.040684159845113754, -0.15053437650203705, -0.1854768544435501, 0.10963979363441467, 0.19988107681274414, -0.14902712404727936, 0.02368752844631672, -0.02658379077911377, 0.2675161063671112, -0.08430755138397217, 0.05852596461772919, -0.08038342744112015, 0.275530070066452, -0.007257471326738596, -0.34622156620025635, 0.22756187617778778], [0.3846164345741272, 