{"FC1": [[[-0.42555126547813416, -0.16144835948944092, -0.454071968793869, 0.45854032039642334, -0.09964337944984436, 0.12003227323293686, -0.025605499744415283, -0.3102876842021942, 0.486659973859787, -0.13918408751487732, 0.11713191121816635, -0.29435664415359497, 0.18340393900871277, 0.46866241097450256, 0.1843099147081375, 0.2319447547197342, -0.08436304330825806, -0.4545879662036896, -0.08155223727226257, 0.17432615160942078]], [0.0, 0.0, 0.0, -0.06014421209692955, 0.0, 0.06922176480293274, 0.0, 0.0, -0.007394661661237478, 0.0, -0.13030259311199188, 0.0, -0.04367787763476372, -0.061586249619722366, 0.016977407038211823, -0.018199602141976357, 0.0, 0.0, 0.0, 0.006698925979435444]], "FC2": [[[-0.2746780514717102, -0.37156403064727783, -0.28033649921417236, -0.18686233460903168, 0.07397174835205078, 0.3799687623977661, 0.10285782814025879, -0.10274463891983032, -0.24624572694301605, -0.30431225895881653, -0.024322032928466797, -0.13712164759635925, -0.001368105411529541, -0.30008524656295776, 0.37502509355545044, 0.007260441780090332, -0.30066531896591187, 0.24004226922988892, -0.2731603682041168, 0.02580362558364868], [-0.011937975883483887, -0.2621099352836609, -0.08127060532569885, 0.1577439308166504, -0.022165000438690186, 0.06614232063293457, -0.3478735089302063, -0.03405788540840149, 0.10200861096382141, -0.20294246077537537, -0.30314332246780396, 0.11353594064712524, -0.35334599018096924, -0.21462446451187134, -0.35055163502693176, 0.010361015796661377, 0.15390223264694214, -0.028326958417892456, -0.071412593126297, -0.37118470668792725], [-0.006500124931335449, 0.08532154560089111, 0.3295036554336548, 0.17752355337142944, 0.04272189736366272, -0.27061447501182556, -0.3369421362876892, -0.25748708844184875, -0.15994465351104736, 0.17337566614151, 0.2017199993133545, 0.2828500270843506, 0.3501828908920288, -0.12183767557144165, 0.05828741192817688, 0.14538723230361938, -0.18802951276302338, -0.15493488311767578, 0.2895299792289734, 0.07462561130523682], [-0.1472192406654358, -0.35233569145202637, 0.37553247809410095, -0.3788444995880127, -0.3080112636089325, 0.12072599679231644, 0.24962787330150604, -0.36802801489830017, 0.3316202163696289, -0.17962437868118286, -0.0648859292268753, 0.09844154119491577, 0.21210132539272308, 0.3104690611362457, 0.3593260645866394, 0.18677915632724762, 0.025247687473893166, 0.14159786701202393, -0.000713246816303581, -0.03272731974720955], [0.09552916884422302, -0.2045806497335434, 0.13557451963424683, 0.16686373949050903, 0.1681930422782898, 0.00031375885009765625, 0.22319334745407104, 0.16505903005599976, -0.2858359217643738, -0.24724428355693817, -0.36485549807548523, -0.06408724188804626, -0.3271912932395935, -0.07003027200698853, 0.052692025899887085, 0.15507930517196655, -0.05338585376739502, -0.1501186639070511, 0.009652853012084961, 0.06663578748703003], [0.3291064500808716, -0.23940837383270264, -0.053023140877485275, 0.02562198042869568, 0.24133098125457764, 0.38867369294166565, -0.2714570462703705, -0.3103226125240326, -0.2203836739063263, 0.1338839828968048, -0.35882672667503357, 0.20612484216690063, -0.39644932746887207, 0.2171984314918518, -0.16404113173484802, 0.1696479618549347, 0.43676379323005676, 0.16400980949401855, -0.24098491668701172, 0.3469391465187073], [0.13500267267227173, 0.2615863084793091, -0.07646721601486206, -0.1321031153202057, 0.09748518466949463, -0.08429092168807983, 0.27238988876342773, -0.2460007518529892, -0.21269910037517548, 0.1571633219718933, 0.3837859630584717, -0.37068837881088257, -0.17270389199256897, 0.07366076111793518, -0.2031526267528534, -0.32765060663223267, -0.07229885458946228, 0.3587709069252014, -0.3012930452823639, 0.3137303590774536], [0.07701176404953003, -0.1256745457649231, 0.19089531898498535, -0.30898284912109375, 0.3384207487106323, 0.16757452487945557, 0.24097084999084473, -0.013844400644302368, 0.3784775733947754, -0.22076962888240814, -0.023362338542938232, 0.03491130471229553, -0.36179307103157043, -0.175099715590477, -0.24333298206329346, 0.3101661205291748, -0.17899301648139954, -0.33378347754478455, -0.27548325061798096, -0.021126002073287964], [0.30194342136383057, -0.3064086437225342, 0.2041209191083908, -0.015776604413986206, -0.22013331949710846, 0.3723265826702118, 0.20703868567943573, 0.2938297986984253, 0.16196341812610626, 0.09899064153432846, -0.13950961828231812, -0.3111605942249298, -0.21640954911708832, -0.2629900276660919, 0.33021461963653564, -0.28174102306365967, -0.08568356186151505, -0.20862418413162231, -0.04596580192446709, -0.029894540086388588], [-0.008164703845977783, 0.1924700140953064, -0.375021755695343, 0.3516080975532532, 0.08157616853713989, -0.046828120946884155, -0.23287732899188995, -0.37413281202316284, 0.2017499804496765, -0.08872026205062866, 0.38060837984085083, 0.30725860595703125, 0.28946393728256226, -0.15186433494091034, 0.09956806898117065, -0.0029921531677246094, -0.3600262701511383, 0.37664681673049927, 0.2282499074935913, -0.09056112170219421], [0.3019554615020752, -0.02845105528831482, 0.15243445336818695, -0.3360617756843567, -0.06717836856842041, -0.16001512110233307, 0.036785390228033066, -0.3709052801132202, -0.38167354464530945, 0.16951364278793335, -0.3301093280315399, -0.12652131915092468, 0.1532220095396042, 0.2549498677253723, 0.3505644202232361, -0.2923297882080078, -0.4892437756061554, 0.1677362322807312, 0.29693248867988586, 0.15866978466510773], [-0.01793724298477173, 0.2382415533065796, 0.13932430744171143, -0.3736768364906311, 0.08985131978988647, -0.23035156726837158, 0.04078066349029541, -0.25818729400634766, 0.1979374885559082, 0.020580828189849854, -0.14828647673130035, 0.2100597620010376, 0.2945186495780945, 0.06979995965957642, -0.263471782207489, 0.12817877531051636, -0.34995096921920776, -0.19865782558918, -0.20997537672519684, 0.150382399559021], [-0.10440654307603836, 0.00712922215461731, -0.26634660363197327, 0.3828895092010498, -0.15684935450553894, -0.040785275399684906, -0.2455986887216568, -0.2049485296010971, -0.054170332849025726, -0.05775275453925133, -0.22160395979881287, 0.05792543292045593, 0.00489627942442894, 0.3246660530567169, 0.39517268538475037, 0.31600421667099, 0.29421788454055786, 0.030780315399169922, -0.33809229731559753, 0.2921998202800751], [0.2395400106906891, 0.31050729751586914, -0.3180025815963745, 0.30720818042755127, -0.026221275329589844, 0.33816617727279663, -0.2849758267402649, -0.04343751072883606, -0.19363990426063538, 0.24208486080169678, 0.31989121437072754, 0.3537178635597229, -0.13438458740711212, -0.1307225078344345, -0.17794696986675262, -0.24425894021987915, -0.3075757920742035, -0.2920114994049072, 0.13690808415412903, 0.3840407133102417], [-0.0796194076538086, -0.07267928123474121, -0.22232592105865479, -0.182247132062912, -0.09347757697105408, -0.28195294737815857, 0.12069325894117355, -0.03551742434501648, -0.28164151310920715, 0.243148073554039, 0.21178124845027924, -0.3246031403541565, 0.27624276280403137, -0.28382474184036255, 0.03229924291372299, 0.05043954402208328, 0.17616580426692963, 0.2388593554496765, 0.12107349932193756, 0.29441240429878235], [0.25168800354003906, -0.16822488605976105, 0.32597655057907104, -0.22419854998588562, -0.1849183291196823, -0.07546969503164291, -0.09889274835586548, 0.21630394458770752, 0.2505795955657959, -0.0838230550289154, 0.31371617317199707, -0.37365126609802246, 0.2021418809890747, 0.20452849566936493, -0.11118590086698532, 0.2679833769798279, 0.25323471426963806, 0.0320604145526886, 0.09074980020523071, -0.025256512686610222], [0.3830963373184204, -0.07753816246986389, -0.2614404857158661, 0.178686261177063, -0.3515850901603699, 0.22485464811325073, 0.3031814694404602, 0.09057167172431946, 0.3594508171081543, -0.29075032472610474, -0.25062379240989685, -0.3847951292991638, -0.13297775387763977, 0.04206666350364685, -0.27285951375961304, -0.3218343257904053, 0.21226906776428223, -0.07690879702568054, -0.34224820137023926, -0.01655253767967224], [0.16015148162841797, 