{"FC1": [[[-0.4867018461227417, -0.3066833019256592, 0.4909707307815552, 0.1345539093017578, -0.3823421895503998, 0.276572585105896, -0.4467068314552307, -0.008488297462463379, 0.29582834243774414, 0.34388643503189087, 0.29642847180366516, -0.2450721263885498, -0.3017997741699219, 0.17222237586975098, -0.008708000183105469, -0.2352941632270813, -0.44374486804008484, -0.3226171135902405, -0.2885768711566925, -0.18240666389465332]], [0.0, 0.0, -0.04851078614592552, -0.17252057790756226, 0.0, 0.04273299500346184, 0.0, 0.0, -0.09861109405755997, -0.027864450588822365, 0.0732506513595581, 0.0, 0.0, -0.12038270384073257, 0.0, 0.0, 0.0, 0.0, 0.0, 0.0]], "FC2": [[[-0.34444642066955566, -0.2385679930448532, -0.2174033224582672, -0.1595716029405594, 0.20775580406188965, 0.20598983764648438, 0.2008228898048401, -0.3521886169910431, -0.14103950560092926, 0.052972644567489624, -0.11303925514221191, -0.27454960346221924, -0.11181768774986267, 0.29527711868286133, 0.3171784281730652, 0.09558233618736267, 0.08457136154174805, 0.20761674642562866, 0.2786470651626587, 0.27710139751434326], [0.10326644778251648, 0.13274383544921875, 0.27609407901763916, 0.3033820390701294, -0.10172760486602783, 0.020453035831451416, 0.2839481830596924, -0.24619613587856293, -0.07687720656394958, 0.14734232425689697, -0.08873438835144043, -0.1971960961818695, 0.20834475755691528, 0.3724592924118042, -0.15178002417087555, 0.2595108151435852, 0.11202922463417053, 0.2700786590576172, -0.28704482316970825, -0.30677086114883423], [-0.1500127911567688, -0.2763194739818573, -0.15062348544597626, 0.10259075462818146, -0.11917436122894287, 0.010196899063885212, 0.3899000287055969, -0.25932565331459045, 0.323257178068161, 0.009433627128601074, 0.15491318702697754, -0.06464893370866776, 0.31648221611976624, 0.4122571051120758, -0.3278294503688812, 0.1760702282190323, 0.20346586406230927, 0.07510341703891754, 0.3067837059497833, 0.23163647949695587], [0.1391269862651825, -0.0024196826852858067, -0.08925554156303406, -0.26913905143737793, 0.3042568564414978, -0.06835544854402542, 0.0006332109333015978, -0.13867969810962677, -0.11841992288827896, -0.3837028443813324, 0.09632068872451782, 0.3704606592655182, -0.3100115656852722, 0.4510180652141571, -0.027250856161117554, -0.1154327243566513, 0.3097609877586365, 0.2635764479637146, 0.3111179769039154, 0.14152058959007263], [-0.07890978455543518, -0.0776805579662323, 0.3144270181655884, -0.30515438318252563, 0.06561896204948425, -0.24761095643043518, 0.0008279979228973389, 0.009147673845291138, -0.16678348183631897, 0.2235802412033081, 0.17882394790649414, -0.08834952116012573, 0.28473663330078125, -0.18135744333267212, -0.005226105451583862, -0.1475309580564499, -0.084637850522995, 0.23764145374298096, -0.0109042227268219, -0.24547764658927917], [0.23248526453971863, 0.2153300940990448, 0.22729045152664185, 0.332743763923645, -0.1728399097919464, 0.34359732270240784, -0.32271233201026917, -0.38369858264923096, -0.007347577717155218, -0.31403204798698425, -0.10385501384735107, 0.20532682538032532, 0.08150284737348557, 0.4036409556865692, 0.04506102204322815, 0.17345696687698364, -0.1896139234304428, 0.1086474061012268, 0.14439408481121063, 0.29429975152015686], [-0.09378072619438171, 0.23627108335494995, -0.37997013330459595, 0.11950308084487915, 0.20729964971542358, 0.10111135244369507, 0.03634116053581238, -0.18594855070114136, 0.32882022857666016, -0.2814856469631195, -0.0636138916015625, -0.172687366604805, -0.03092464804649353, 0.36581557989120483, 0.2019241452217102, -0.24518834054470062, 0.378121018409729, 0.17543452978134155, 0.3225365877151489, 0.07303321361541748], [-0.0017931461334228516, 0.007470130920410156, 0.07961618900299072, -0.16599969565868378, 0.19784319400787354, -0.04224330186843872, -0.3784966766834259, 0.08864471316337585, -0.14928770065307617, 0.06914916634559631, 0.11259415745735168, -0.15757708251476288, -0.08123302459716797, -0.224166601896286, 0.3241990804672241, -0.38686323165893555, -0.12174239754676819, -0.035443902015686035, -0.27431154251098633, 0.012530893087387085], [0.41679900884628296, 0.3429965674877167, 0.20197218656539917, 0.05768352746963501, 0.24046212434768677, 0.0809643566608429, 0.3851322829723358, 0.06693848967552185, 0.24694401025772095, -0.07179108262062073, -0.10874861478805542, -0.15313997864723206, -0.25165483355522156, -0.028972754254937172, -0.15792270004749298, -0.06037656590342522, -0.3073173761367798, 0.12667587399482727, 0.09361134469509125, 0.30839407444000244], [0.3453960418701172, 0.2001316249370575, -0.3363952934741974, 0.17145968973636627, 0.2640407681465149, 0.3771245777606964, -0.12984028458595276, -0.24385525286197662, 0.26168927550315857, -0.09863811731338501, -0.312510222196579, 0.2589164674282074, 0.2686016261577606, 0.06397809833288193, 0.16218537092208862, 0.016643404960632324, 0.433971643447876, 0.17377349734306335, -0.15524445474147797, 0.2203194499015808], [-0.37054741382598877, 0.3004123270511627, -0.2495647519826889, 0.24244432151317596, -0.21659451723098755, -0.005786364432424307, -0.043733861297369, 0.21717607975006104, -0.1847524493932724, 0.24335318803787231, -0.18209902942180634, -0.20402935147285461, 0.26764118671417236, -0.11316115409135818, -0.2130945920944214, 0.15422971546649933, 0.13834327459335327, 0.2392796128988266, 0.007758309133350849, 0.015933306887745857], [0.20169180631637573, -0.26119449734687805, 0.0710921585559845, -0.024741530418395996, -0.048474520444869995, 0.2362115979194641, 0.3053281903266907, -0.22928625345230103, 0.022426873445510864, -0.2551696300506592, 0.16947859525680542, -0.02161446213722229, 0.10961669683456421, 0.027018338441848755, -0.07840773463249207, 0.332233190536499, 0.27983492612838745, 0.21027439832687378, 0.006169736385345459, -0.03525969386100769], [0.36824333667755127, -0.3666587173938751, -0.060191452503204346, -0.2233690768480301, -0.15953180193901062, -0.19286669790744781, -0.27439814805984497, 0.3461228609085083, 0.19979506731033325, 0.17293483018875122, -0.11316418647766113, -0.14431865513324738, 0.21494370698928833, -0.1476476639509201, 0.25230318307876587, -0.2483038604259491, 0.058008819818496704, -0.19443544745445251, -0.026075631380081177, 0.10936221480369568], [0.13531780242919922, -0.000313692755298689, 0.17808598279953003, -0.28135794401168823, -0.08453184366226196, 0.307399183511734, 0.27713441848754883, 0.11002585291862488, -0.223168283700943, -0.10577714443206787, 0.09007450938224792, -0.35313236713409424, -0.3008008599281311, -0.11151949316263199, -0.03548768162727356, -0.3605814278125763, -0.24750803411006927, -0.02782408893108368, -0.30987346172332764, 0.028027281165122986], [-0.06437134742736816, -0.014737427234649658, -0.25714367628097534, 0.09188342094421387, 0.05603903532028198, 0.14659398794174194, 0.0930241048336029, 0.14343303442001343, 0.28489452600479126, -0.3765653967857361, -0.17376579344272614, 0.06481236219406128, 0.2293497920036316, 0.16679060459136963, -0.042706459760665894, 0.3734651803970337, -0.32811257243156433, -0.2983619272708893, 0.30722182989120483, 0.09555354714393616], [0.02773737907409668, 0.2997967600822449, -0.30774784088134766, -0.07069602608680725, -0.036821067333221436, 0.20593541860580444, -0.24080684781074524, 0.1474096179008484, 0.005321860313415527, -0.20011521875858307, 0.12060487270355225, -0.320850670337677, -0.31842297315597534, 0.060544729232788086, 0.30346912145614624, 0.22765159606933594, 0.05575758218765259, 0.38199836015701294, -0.19927151501178741, 0.018746882677078247], [-0.18165090680122375, 0.37890398502349854, 0.3677133321762085, 0.041048258543014526, -0.07128876447677612, -0.3859981298446655, -0.013167649507522583, -0.26027119159698486, 0.012757748365402222, -0.11988583207130432, 0.018315017223358154, -0.0647161602973938, 0.08872941136360168, -0.01225396990776062, 0.20947915315628052, -0.2845948040485382, 0.06560185551643372, 0.23499131202697754, 0.21303367614746094, 0.2765234708786011], [-0.30403226613998413, -0.3089011311531067, -0.14317098259925842, 