{"FC1": [[[-0.4557136595249176, -0.518913209438324, 0.13254795968532562, -0.39486902952194214, -0.18117877840995789, 0.05867462977766991, -0.06420660018920898, 0.1359899342060089, -0.1514689028263092, 0.2606504559516907, -0.18774551153182983, -0.4911273419857025, -0.09148642420768738, -0.309589684009552, 0.17777420580387115, 0.1902521699666977, 0.2237521857023239, 0.32924070954322815, 0.14347858726978302, -0.07540503144264221]], [0.0, 0.0, -0.017383497208356857, 0.0, 0.0, 0.07888881117105484, 0.0, -0.1309436559677124, 0.0, -0.08550837635993958, 0.0, 0.0, 0.0, 0.0, 0.01133467722684145, -0.060535334050655365, -0.04384502395987511, -0.06969916075468063, -0.2211005836725235, 0.0]], "FC2": [[[-0.26139265298843384, -0.004303842782974243, 0.05026480555534363, 0.21911466121673584, 0.16749686002731323, -0.22080934047698975, -0.1500651091337204, -0.18307052552700043, -0.2572975158691406, 0.27636396884918213, 0.1978389024734497, -0.12402722239494324, -0.15885412693023682, 0.21361863613128662, 0.3244721293449402, 0.1623266339302063, -0.006229668855667114, 0.1769999861717224, 0.020939379930496216, 0.1771419644355774], [-0.2797362804412842, -0.013060063123703003, 0.167131245136261, -0.158045694231987, -0.14680664241313934, -0.33689382672309875, -0.03346666693687439, -0.3055008351802826, -0.047817617654800415, 0.056159645318984985, -0.21287953853607178, 0.06369230151176453, 0.16477954387664795, -0.19898231327533722, 0.3552197217941284, -0.04662969708442688, 0.2359333038330078, -0.23869597911834717, 0.035994261503219604, 0.04222908616065979], [-0.10255836695432663, 0.21425451338291168, 0.11993624269962311, 0.06302663683891296, 0.13429516553878784, 0.07987028360366821, 0.08846146613359451, 0.07506992667913437, 0.27688461542129517, 0.16156984865665436, -0.2634389102458954, -0.3979153633117676, 0.19851410388946533, -0.3635351359844208, 0.31694090366363525, 0.08511056751012802, -0.18029837310314178, -0.12642787396907806, -0.25479602813720703, -0.09474242478609085], [0.24475961923599243, 0.23546981811523438, 0.10596191883087158, 0.24069464206695557, 0.14999401569366455, -0.20151609182357788, 0.24301886558532715, -0.09276202321052551, 0.2847820520401001, 0.02837654948234558, 0.011980175971984863, -0.13410595059394836, 0.3666297197341919, 0.24068230390548706, 0.29644548892974854, -0.09255871176719666, 0.19326704740524292, -0.31788039207458496, 0.10845246911048889, -0.0734887421131134], [0.12545037269592285, -0.24656586349010468, 0.33122336864471436, -0.2716829180717468, -0.2704354226589203, -0.1913032978773117, -0.19646847248077393, -0.3806920349597931, 0.002286970615386963, -0.12093117833137512, 0.08323624730110168, 0.13444268703460693, 0.3629894256591797, -0.0058901309967041016, -0.20553599298000336, -0.33725985884666443, 0.27970296144485474, -0.24968074262142181, 0.3659611940383911, -0.1822669953107834], [0.4175277650356293, 0.03125280514359474, 0.33589521050453186, 0.03526255860924721, -0.3114005923271179, 0.008153259754180908, -0.3826534152030945, 0.23937657475471497, -0.43422725796699524, 0.0844498947262764, 0.3668968081474304, 0.03283225744962692, 0.1335010677576065, -0.3009447455406189, -0.12452235817909241, 0.20760992169380188, 0.24671530723571777, 0.14883732795715332, -0.12811368703842163, 0.2945975363254547], [0.023162543773651123, -0.06683754920959473, -0.12058502435684204, -0.27727627754211426, -0.28584691882133484, -0.37522611021995544, -0.35451242327690125, -0.12339109182357788, 0.1942129135131836, -0.003628373146057129, 0.0536026656627655, -0.017776668071746826, 0.046100109815597534, 0.0821637213230133, -0.16374200582504272, 0.36306488513946533, -0.08839309215545654, 0.03696325421333313, -0.08881473541259766, 0.291837215423584], [0.16223429143428802, 0.03429143503308296, -0.20405615866184235, -0.3274003267288208, -0.1880573034286499, 0.041958242654800415, 0.3260827362537384, 0.1340549886226654, 0.1200011670589447, 0.10475917905569077, 0.04744541645050049, -0.04186582565307617, 0.17445769906044006, -0.3693685829639435, -0.3115918040275574, -0.16594842076301575, -0.16101917624473572, 0.0538456067442894, 0.3564600348472595, -0.13398492336273193], [0.13823378086090088, 0.03608289361000061, -0.035417139530181885, -0.008602321147918701, -0.16454572975635529, -0.25951236486434937, 0.1741032600402832, -0.2893977165222168, -0.3446485698223114, -0.33665791153907776, 0.2279871106147766, 0.07181528210639954, -0.1896057277917862, -0.1293194591999054, 0.0034407377243041992, 0.13691556453704834, 0.3577146530151367, -0.2657044529914856, -0.37972626090049744, 0.2792705297470093], [-0.2174042910337448, 0.07221715152263641, 0.07279442250728607, 0.1175985187292099, 0.004347324371337891, -0.29384782910346985, -0.3349694013595581, 0.17561915516853333, 0.007397412788122892, -0.08782482147216797, -0.2720939815044403, -0.2250957190990448, 0.20705604553222656, -0.09447076916694641, 0.3657565712928772, -0.3393929898738861, -0.14899952709674835, 0.10786861926317215, -0.23681142926216125, -0.42281875014305115], [0.07743465900421143, 0.24963456392288208, -0.23554998636245728, -0.15184475481510162, -0.11134296655654907, -0.017386913299560547, -0.19963523745536804, 0.3052636981010437, 0.02396818995475769, 0.148800790309906, -0.10673099756240845, -0.19728392362594604, 0.02245226502418518, 0.023357748985290527, -0.05366748571395874, 0.1591596007347107, -0.08047464489936829, -0.3164379596710205, -0.15204735100269318, 0.21397244930267334], [0.37157726287841797, 0.21687543392181396, 0.11565762758255005, -0.039125293493270874, -0.043581217527389526, -0.2003408968448639, 0.2738969326019287, 0.026719719171524048, -0.3478650152683258, -0.07759439945220947, 0.3303454518318176, 0.030604422092437744, -0.2351633608341217, 0.33851051330566406, 0.1256237030029297, -0.04246777296066284, 0.3360801339149475, -0.2328866571187973, -0.1012515127658844, 0.2574584484100342], [-0.00956013798713684, 0.25256335735321045, -0.0824120044708252, -0.1615050882101059, 0.10689869523048401, 0.07819303870201111, -0.26898193359375, -0.08682757616043091, 0.13128769397735596, -0.09114748239517212, -0.019027411937713623, -0.354892760515213, -0.028189092874526978, 0.053406357765197754, -0.37808889150619507, 0.2941715717315674, 0.1011861264705658, 0.31694018840789795, 0.17030686140060425, -0.37775352597236633], [0.3264656066894531, -0.005033046007156372, 0.1804187297821045, -0.23167072236537933, -0.309308260679245, -0.0654594898223877, 0.17359894514083862, -0.08805450797080994, 0.2820603847503662, -0.02689284086227417, 0.3333137631416321, -0.2858806252479553, 0.05416160821914673, -0.13601061701774597, 0.07733199000358582, 0.2830299139022827, 0.0681256651878357, 0.03789201378822327, 0.3762427568435669, -0.37305015325546265], [-0.33357203006744385, -0.0038226766046136618, -0.26245051622390747, 0.28105080127716064, -0.25638437271118164, -0.2739540934562683, 0.031294528394937515, 0.28220134973526, -0.0763666033744812, 0.1553909182548523, -0.28440696001052856, 0.1792488694190979, 0.19668631255626678, -0.20973603427410126, -0.35760366916656494, 0.08883456140756607, 0.1116139143705368, 0.07638658583164215, -0.1750480979681015, 0.3248926103115082], [0.3727874159812927, -0.15685443580150604, -0.3511461913585663, -0.3979199528694153, -0.09867385029792786, 0.3792744278907776, 0.10592883080244064, -0.33616629242897034, 0.2501431405544281, -0.2040129452943802, -0.1483302116394043, 0.2940213084220886, 0.30841946601867676, 0.013531744480133057, -0.38728365302085876, -0.168819397687912, -0.2084246575832367, 0.044209517538547516, 0.04842078685760498, 0.21832048892974854], [0.32088062167167664, 0.2982812821865082, 0.08138712495565414, -0.11212189495563507, -0.07503283023834229, -0.33184418082237244, -0.20555482804775238, -0.09788493812084198, -0.22617389261722565, 0.3291575312614441, 0.359195739030838, 0.09985555708408356, -0.0308686513453722, -0.18531261384487152, 0.3141595721244812, -0.39339500665664673, 0.18955379724502563, -0.0037510711699724197, -0.0426369309425354, 0.11047320067882538], [0.3140109181404114, -0.06322228163480759, 