{"FC1": [[[-0.10535064339637756, 0.23936669528484344, -0.08250510692596436, 0.1404644399881363, -0.07690984010696411, -0.3437463045120239, 0.4003336727619171, 0.18742258846759796, -0.028812944889068604, 0.28447601199150085, -0.14541423320770264, -0.4960680603981018, -0.1387932300567627, -0.09442546963691711, -0.2568747401237488, 0.43463900685310364, -0.16100743412971497, -0.1457309126853943, -0.026731358841061592, -0.3243667483329773]], [0.0, 0.06627927720546722, 0.0, -0.12297200411558151, 0.0, 0.0, -0.07828972488641739, 0.060289688408374786, 0.0, -0.06307116150856018, 0.0, 0.0, 0.0, 0.0, 0.0, -0.05265966057777405, 0.0, 0.0, 0.039227958768606186, 0.0]], "FC2": [[[-0.18932686746120453, 0.10354575514793396, 0.1468159556388855, 0.09389042854309082, -0.34687164425849915, 0.20303893089294434, 0.23108041286468506, -0.2298055738210678, -0.03845083713531494, -0.0733867883682251, 0.053887635469436646, 0.26344138383865356, -0.38394755125045776, 0.001661926507949829, -0.20732857286930084, 0.37018007040023804, 0.16154468059539795, 0.20118314027786255, -0.02785050868988037, 0.36515116691589355], [-0.3829231858253479, -0.0013009307440370321, -0.007870103232562542, 0.1915450543165207, 0.22274380922317505, 0.21004006266593933, -0.3091684579849243, -0.12466123700141907, -0.26780155301094055, 0.1443498730659485, -0.1848812997341156, -0.16443201899528503, 0.21036678552627563, -0.03569194674491882, 0.280903697013855, -0.14687445759773254, -0.3632016181945801, -0.3390028476715088, 0.3473398983478546, 0.2774021029472351], [-0.16221334040164948, -0.3613385856151581, -0.10007768869400024, -0.18809571862220764, -0.25604474544525146, -0.20209820568561554, 0.04578855633735657, -0.28954336047172546, -0.211255744099617, -0.012273162603378296, -0.3849835991859436, 0.2612655758857727, -0.3125225901603699, 0.2353542447090149, 0.24524807929992676, 0.012885838747024536, -0.003796905279159546, -0.3017524182796478, 0.06001552939414978, 0.17250502109527588], [0.11685727536678314, 0.12401287257671356, 0.3468254506587982, -0.010783475823700428, 0.23894478380680084, -0.3010607063770294, 0.3673006296157837, 0.02989339828491211, 0.2973825931549072, -0.04637131094932556, -0.08519595861434937, -0.3530160188674927, 0.053552862256765366, 0.29540348052978516, 0.2935875952243805, -0.30110323429107666, 0.2362372875213623, -0.050654470920562744, -0.3348749279975891, 0.1723857969045639], [0.2970505356788635, 0.0995209813117981, -0.1717730164527893, -0.09636306762695312, -0.34678786993026733, 0.18438148498535156, 0.1953076720237732, -0.22774770855903625, -0.3148426115512848, 0.1850355863571167, -0.38318759202957153, 0.20062482357025146, 0.1969825029373169, 0.15013110637664795, -0.07866701483726501, -0.10718291997909546, -0.20240551233291626, -0.1137194037437439, -0.010455936193466187, 0.3059017062187195], [-0.09278956055641174, -0.3498184382915497, -0.07574456930160522, 0.08163285255432129, -0.10041308403015137, 0.20135080814361572, 0.35135138034820557, -0.22695091366767883, 0.3645339012145996, -0.2568233609199524, -0.23085999488830566, 0.35537201166152954, -0.3394608497619629, 0.38608860969543457, 0.3550252914428711, 0.2899966239929199, -0.11137574911117554, -0.3845420181751251, 0.01935124397277832, -0.2778168320655823], [0.30774539709091187, 0.006390043068677187, 0.14353539049625397, 0.2727416455745697, 0.05328359082341194, 0.016440264880657196, -0.3158426284790039, 0.17312365770339966, -0.2512715458869934, -0.3123195469379425, 0.2774462103843689, -0.028558382764458656, -0.3933907449245453, 0.07673177123069763, 0.20722201466560364, 0.22138753533363342, -0.036324650049209595, -0.21921592950820923, -0.1279497593641281, 0.13784828782081604], [-0.2546899616718292, 0.26759231090545654, -0.33501625061035156, 0.3248205780982971, 0.09948723763227463, 0.12278690934181213, -0.28143736720085144, -0.3729826509952545, -0.008356332778930664, -0.11472436785697937, -0.25971275568008423, 0.3706015944480896, -0.12318304181098938, -0.27145761251449585, -0.15986278653144836, -0.10087896883487701, -0.13885079324245453, -0.25930801033973694, -0.1605040282011032, -0.1842140406370163], [-0.16567771136760712, -0.23362961411476135, 0.0903809666633606, 0.3507006764411926, 0.0749850869178772, 0.12682050466537476, 0.3535515069961548, 0.16770648956298828, 0.134041428565979, -0.23364050686359406, -0.29955947399139404, 0.0810762345790863, 0.21819669008255005, 0.32950663566589355, -0.23651041090488434, -0.05820438265800476, 0.0034061074256896973, 0.10554563999176025, 0.16751593351364136, -0.1084463894367218], [0.29490649700164795, 0.19309194386005402, -0.1376233845949173, 0.007836343720555305, 0.3125212490558624, -0.3520914912223816, 0.06476074457168579, -0.053703129291534424, -0.29151108860969543, -0.2885701358318329, 0.34817129373550415, 0.08297927677631378, 0.18695777654647827, -0.2194930464029312, 0.010815413668751717, 0.2817407250404358, -0.033361852169036865, 0.3557596206665039, -0.033438634127378464, 0.2652844190597534], [0.33142662048339844, 0.07223847508430481, -0.3565944731235504, 0.0471305251121521, 0.36153101921081543, 0.12569481134414673, -0.124362051486969, -0.2552177608013153, 0.15231966972351074, 0.13587915897369385, -0.38216105103492737, 0.33991700410842896, 0.34006547927856445, -0.0919116735458374, 0.26514941453933716, -0.33411914110183716, -0.36188042163848877, -0.0557367205619812, 0.1265466809272766, 0.029868662357330322], [-0.03888842463493347, -0.02896982431411743, 0.2664352059364319, -0.0707998275756836, 0.21545016765594482, -0.1321229636669159, -0.34874898195266724, -0.16455717384815216, 0.0447060763835907, -0.022294998168945312, -0.28496307134628296, 0.297268271446228, 0.25856494903564453, -0.3771887719631195, 0.1665496826171875, 0.19242125749588013, -0.3074934184551239, -0.043437421321868896, 0.07183733582496643, -0.13827496767044067], [0.11655551195144653, -0.031727999448776245, -0.34475141763687134, -0.10368454456329346, -0.17959940433502197, -0.21734154224395752, 0.006514519453048706, -0.03929409384727478, 0.027128875255584717, 0.20769065618515015, -0.039209961891174316, 0.21164476871490479, -0.009128838777542114, -0.30138593912124634, -0.10632693767547607, -0.05194398760795593, -0.2789686918258667, -0.19262051582336426, 0.13126689195632935, -0.31904375553131104], [0.3824974298477173, 0.13670337200164795, 0.2898818850517273, 0.2985426187515259, -0.035910606384277344, -0.37106558680534363, 0.17106598615646362, -0.2181384265422821, 0.027305781841278076, -0.09491446614265442, -0.34624916315078735, 0.08085185289382935, -0.0708678662776947, -0.21275949478149414, -0.06763452291488647, -0.13466018438339233, -0.06364861130714417, 0.3752285838127136, 0.050261467695236206, -0.25635039806365967], [-0.018305033445358276, 0.023424118757247925, 0.2553558945655823, -0.15249815583229065, -0.36552947759628296, 0.0674135684967041, 0.21404504776000977, 0.1740955114364624, 0.18507856130599976, -0.03221359848976135, -0.25962039828300476, 0.08346626162528992, -0.3088279068470001, -0.1973760724067688, 0.3386632204055786, 0.10275506973266602, 0.3421109914779663, -0.0030520856380462646, -0.06975823640823364, -0.2570854127407074], [0.14353762567043304, 0.2509387731552124, 0.011643340811133385, -0.0840238630771637, -0.10475896298885345, -0.3902628421783447, 0.3043367266654968, -0.22131729125976562, 0.212873637676239, 0.17617051303386688, -0.23404356837272644, 0.32475802302360535, 0.12778112292289734, -0.04301461577415466, -0.10435877740383148, 0.14139632880687714, 0.11688065528869629, -0.1146751344203949, -0.16079379618167877, 0.2737235724925995], [0.07273265719413757, -0.057730793952941895, -0.014208763837814331, -0.23471052944660187, -0.05518314242362976, 0.05433759093284607, 0.1948326826095581, 0.16363704204559326, 0.23358988761901855, 0.11567258834838867, -0.15666209161281586, 0.19066697359085083, 0.22598737478256226, -0.37833672761917114, 0.049009740352630615, 0.01106444001197815, 0.3436276912689209, 0.053263962268829346, 0.19756561517715454, 0.10304611921310425], [0.23705565929412842, 0.18278926610946655, 