{"FC1": [[[0.06937942653894424, 0.4256024956703186, -0.16001415252685547, -0.006009042263031006, 0.3515680134296417, 0.4854204058647156, -0.4382174015045166, 0.07489714026451111, 0.07726477831602097, -0.22515898942947388, 0.00857572816312313, -0.23638200759887695, 0.28794530034065247, 0.06106740981340408, -0.5331878066062927, 0.27717822790145874, 0.1218620091676712, -0.1744825541973114, 0.4006868004798889, -0.5088575482368469]], [-0.08516739308834076, 0.018926255404949188, 0.0, 0.0, -0.05957581847906113, -0.031923674046993256, 0.0, -0.024922404438257217, -0.07417522370815277, 0.0, 0.0012217394541949034, 0.0, -0.06895217299461365, -0.04278091713786125, 0.0, -0.012136923149228096, 0.0019024924840778112, 0.0, -0.022305738180875778, 0.0]], "FC2": [[[-0.3702985346317291, -0.051458027213811874, -0.1783011108636856, 0.16927570104599, 0.17023861408233643, -0.038438647985458374, -0.15689782798290253, -0.3994821608066559, 0.004054787568747997, 0.2316514551639557, 0.38437366485595703, 0.0876486599445343, 0.31328317523002625, -0.08201837539672852, 0.1525585949420929, -0.449298620223999, 0.29918479919433594, 0.0075272973626852036, -0.3589685261249542, -0.07129696011543274], [-0.3639054298400879, -0.30182427167892456, 0.23941832780838013, -0.36189141869544983, 0.04302161931991577, -0.19786518812179565, -0.1998720020055771, -0.23256276547908783, 0.06746890395879745, -0.269464373588562, -0.057367801666259766, 0.17422783374786377, -0.01703747920691967, 0.3569173812866211, -0.32043978571891785, 0.270772248506546, 0.058824796229600906, 0.050439875572919846, 0.022504542022943497, 0.3165241777896881], [0.1744781732559204, 0.34937983751296997, -0.04807072877883911, 0.2476266622543335, 0.08978843688964844, -0.07478785514831543, -0.2439763993024826, 0.2248435616493225, -0.11331847310066223, -0.13455906510353088, 0.06202724575996399, 0.14125651121139526, 0.033890873193740845, -0.09675717353820801, 0.2799922823905945, -0.07842519879341125, 0.0018046796321868896, -0.25463157892227173, 0.12481671571731567, 0.35449451208114624], [0.29831576347351074, -0.31578510999679565, 0.2445579171180725, -0.3818182945251465, -0.14659851789474487, 0.010312706232070923, -0.11449885368347168, 0.09841826558113098, -0.26662495732307434, -0.21690893173217773, -0.2101438045501709, -0.11835336685180664, -0.25991126894950867, -0.3323453962802887, 0.07097303867340088, 0.17928266525268555, 0.21664899587631226, -0.3720678389072418, 0.17440855503082275, 0.17823123931884766], [0.08734023571014404, 0.138641357421875, 0.30214911699295044, -0.05828601121902466, -0.31258776783943176, -0.19970975816249847, -0.11742293834686279, 0.12085113674402237, 0.012456060387194157, -0.015885233879089355, 0.05350607633590698, 0.12801063060760498, 0.3917708396911621, -0.11522030830383301, 0.02681022509932518, 0.1424601823091507, 0.07691803574562073, 0.014654095284640789, -0.2935393154621124, -0.26702985167503357], [-0.35660436749458313, 0.3220248222351074, 0.005498839542269707, 0.20048660039901733, 0.038485944271087646, -0.006854325532913208, 0.1850982904434204, -0.31904172897338867, -0.36823707818984985, 0.20407497882843018, -0.3828284740447998, -0.23413895070552826, 0.2414717674255371, -0.3645237386226654, 0.34579533338546753, -0.11082318425178528, 0.016074569895863533, -0.2571828365325928, 0.306600958108902, -0.20688827335834503], [-0.14551934599876404, -0.016167759895324707, 0.24028420448303223, 0.3525988459587097, 0.10325443744659424, 0.20245850086212158, -0.23241092264652252, -0.29257917404174805, -0.13208991289138794, -0.3129212260246277, -0.2980010509490967, -0.11027923226356506, -0.13775630295276642, 0.1720644235610962, -0.03190714120864868, -0.0670289695262909, 0.28886550664901733, 0.34845244884490967, -0.12140330672264099, -0.2675468921661377], [-0.10796096920967102, 0.34748727083206177, 0.07845417410135269, -0.17526787519454956, -0.1798037588596344, -0.27884891629219055, -0.31586092710494995, -0.2269473671913147, -0.3531045615673065, 0.28225335478782654, 0.10996547341346741, -0.32283225655555725, 0.039527375251054764, 0.11173716187477112, 0.027353452518582344, -0.4058576226234436, -0.056898754090070724, -0.31309226155281067, -0.1886066198348999, -0.1794789731502533], [0.20831751823425293, -0.2990461587905884, -0.33512672781944275, 0.16907548904418945, 0.3073199391365051, -0.15216213464736938, 0.35356807708740234, 0.06433666497468948, -0.3067580759525299, 0.30752888321876526, 0.05243071913719177, 0.30835866928100586, 0.017769653350114822, 0.35832834243774414, -0.17315718531608582, -0.339824378490448, 0.2346988469362259, -0.12342149764299393, -0.06210452318191528, 0.15942072868347168], [0.1504204273223877, 0.09187096357345581, -0.29062962532043457, 0.3201671838760376, -0.20735211670398712, 0.07171103358268738, 0.3348243236541748, 0.1580352783203125, -0.22217245399951935, -0.2199910283088684, 0.2250227928161621, 0.1203886866569519, -0.04858219623565674, 0.26911836862564087, -0.3395451605319977, 0.09534651041030884, 0.3692852854728699, 0.037743061780929565, -0.3387627899646759, 0.2955518364906311], [0.26568281650543213, -0.20669955015182495, 0.1157434731721878, 0.19705748558044434, 0.104103684425354, 0.17277026176452637, 0.2496432662010193, 0.2838127613067627, -0.008914817124605179, -0.2971270978450775, -0.340448796749115, 0.2505004405975342, 0.22893720865249634, 0.11949414014816284, -0.07226680219173431, -0.1913203001022339, 0.11369971930980682, 0.07856875658035278, 0.20535390079021454, -0.05273556709289551], [0.2758392095565796, -0.13688924908638, 0.33321237564086914, 0.3395799994468689, 0.11378628015518188, -0.07468914985656738, 0.2076866626739502, 0.21484827995300293, 0.37166208028793335, 0.03562775254249573, -0.1900944858789444, -0.349955290555954, -0.19187644124031067, -0.37435102462768555, 0.0691366195678711, 0.056892722845077515, 0.29471349716186523, -0.0628693699836731, 0.2082647681236267, -0.25294768810272217], [0.09979653358459473, 0.11074446886777878, -0.13906611502170563, -0.06915700435638428, -0.1418909728527069, 0.3082081079483032, -0.3264376223087311, -0.024565547704696655, -0.3331372141838074, -0.331254243850708, -0.17154014110565186, 0.09145766496658325, 0.15562744438648224, -0.189812570810318, 0.28976163268089294, 0.32209673523902893, -0.08494561910629272, 0.22047482430934906, -0.1414053589105606, 0.17912070453166962], [0.32506632804870605, 0.33723723888397217, 0.15156430006027222, -0.22527070343494415, 0.3852681517601013, 0.2220555543899536, -0.027223140001296997, 0.1823662668466568, -0.07865973562002182, 0.3445225656032562, 0.34432077407836914, 0.2597702741622925, -0.061003584414720535, 0.34412139654159546, 0.2616305649280548, -0.2869872748851776, 0.04034005478024483, -0.2775249183177948, -0.16259053349494934, -0.10495276749134064], [0.346252977848053, -0.32455113530158997, 0.07914599776268005, 0.3335244655609131, -0.16118671000003815, 0.12401354312896729, -0.17857103049755096, 0.32234513759613037, 0.08949249982833862, -0.02362874150276184, 0.35238218307495117, 0.03455469012260437, 0.20711296796798706, 0.009584605693817139, -0.14397497475147247, -0.27019840478897095, 0.14369720220565796, 0.039127886295318604, 0.07070794701576233, 0.19547027349472046], [-0.10775810480117798, -0.2489538937807083, -0.17191030085086823, -0.35695505142211914, 0.14707434177398682, -0.18781675398349762, -0.2377558797597885, 0.31788375973701477, -0.057076919823884964, -0.027058899402618408, -0.2181217223405838, -0.24229489266872406, -0.20305268466472626, -0.2680198550224304, 0.07372963428497314, -0.2253204882144928, -0.017946068197488785, 0.010789653286337852, -0.4152940809726715, 0.013087130151689053], [-0.3748962879180908, 0.028537368401885033, 0.10887811332941055, 0.3611304759979248, 0.25348538160324097, 0.19770246744155884, 0.2982386350631714, 0.04091312736272812, 0.30539757013320923, 0.06849608570337296, 0.15101397037506104, -0.32232558727264404, 0.31326109170913696, 0.19265156984329224, -0.29353463649749756, 0.27246662974357605, 0.029718907549977303, -0.3184834420681, 0.23058246076107025, -0.16120029985904694], 